dataset,cut,win,label,direction,N,ap,ae,F,Z,D,tool,workpiece,acc_rms_g,mic_db_fs,chatter_acc,chatter_mic,watt,smarms,s_load
5,0,0,1,UP,9000.0,38.1,0.3175,16.93333,2,6.35,A,AA 6061,0.0774799128004318,-0.4750931631638658,0.977334265115497,0.9975851756746066,3734.633613793103,7002.504482758619,4.758620689655173
5,0,1,1,UP,9000.0,38.1,0.3175,16.93333,2,6.35,A,AA 6061,0.07800852487130512,-1.3193059574564763,0.9796978057635561,0.9821868213561333,3734.633613793103,7002.504482758619,4.758620689655173
5,0,2,1,UP,9000.0,38.1,0.3175,16.93333,2,6.35,A,AA 6061,0.07600853470715936,-2.5306528697146815,0.9799744571325966,0.9498767869752955,3734.633613793103,7002.504482758619,4.758620689655173
5,1,0,0,DOWN,9000.0,38.1,0.3175,16.93333,2,6.35,A,AA 6061,0.029442941963255306,-6.193052722833069,0.9217661506862613,0.8896609532533171,3696.6742,1547.3725806451612,4.709677419354839
5,1,1,0,DOWN,9000.0,38.1,0.3175,16.93333,2,6.35,A,AA 6061,0.029469329213765313,-6.52077441745904,0.9249719112074167,0.819774591238511,3696.6742,1547.3725806451612,4.709677419354839
5,1,2,0,DOWN,9000.0,38.1,0.3175,16.93333,2,6.35,A,AA 6061,0.0295455886051749,-6.2697681847204025,0.9205794942881697,0.7769130277812424,3696.6742,1547.3725806451612,4.709677419354839
5,2,0,1,UP,9000.0,38.1,0.3175,18.62667,2,6.35,A,AA 6061,0.10316298239468212,-1.0345960677328918,0.9713192506249656,0.975574119391943,3835.1596000000004,8599.09,5.642857142857143
5,2,1,1,UP,9000.0,38.1,0.3175,18.62667,2,6.35,A,AA 6061,0.10151314537743739,-1.0514940618099753,0.9711059293261074,0.979994792017972,3835.1596000000004,8599.09,5.642857142857143
5,2,2,1,UP,9000.0,38.1,0.3175,18.62667,2,6.35,A,AA 6061,0.1015750476756422,-1.4661194867129401,0.9708462554316182,0.9355499710205306,3835.1596000000004,8599.09,5.642857142857143
5,3,0,0,DOWN,9000.0,38.1,0.3175,18.62667,2,6.35,A,AA 6061,0.026751207268967524,-8.57444920144385,0.7846930171737997,0.5257494474744039,3739.0408107142857,1055.1875000000002,5.035714285714286
5,3,1,0,DOWN,9000.0,38.1,0.3175,18.62667,2,6.35,A,AA 6061,0.026699027980999462,-8.215066318012985,0.803996691329154,0.4659673871106507,3739.0408107142857,1055.1875000000002,5.035714285714286
5,3,2,0,DOWN,9000.0,38.1,0.3175,18.62667,2,6.35,A,AA 6061,0.02700986037435045,-7.8770677168928795,0.7316997728757454,0.482748006063885,3739.0408107142857,1055.1875000000002,5.035714285714286
5,4,0,1,UP,9000.0,38.1,0.3175,20.32,2,6.35,A,AA 6061,0.10127891855766148,-0.7030050753587465,0.9710546332415537,0.9788874123749058,3868.453900000001,8697.554814814815,5.7407407407407405
5,4,1,1,UP,9000.0,38.1,0.3175,20.32,2,6.35,A,AA 6061,0.10061818765685591,-0.5638266252344684,0.9765058735567932,0.9916665855345616,3868.453900000001,8697.554814814815,5.7407407407407405
5,4,2,1,UP,9000.0,38.1,0.3175,20.32,2,6.35,A,AA 6061,0.09866640496998146,-0.6929305044295151,0.9737513979652606,0.990730764082858,3868.453900000001,8697.554814814815,5.7407407407407405
5,5,0,0,DOWN,9000.0,38.1,0.3175,20.32,2,6.35,A,AA 6061,0.026309400693826545,-8.257003963229481,0.7887735921849531,0.49089732124615243,3725.122892,1141.0628,5.0
5,5,1,0,DOWN,9000.0,38.1,0.3175,20.32,2,6.35,A,AA 6061,0.026776984228098273,-8.770178185161503,0.7825039566887932,0.5224194538214025,3725.122892,1141.0628,5.0
5,5,2,0,DOWN,9000.0,38.1,0.3175,20.32,2,6.35,A,AA 6061,0.026660821040954314,-7.757067530682102,0.7872257752236202,0.4471167382650223,3725.122892,1141.0628,5.0
5,6,0,1,UP,9000.0,38.1,0.3175,22.01333,2,6.35,A,AA 6061,0.09937288462380783,-0.8077366888868489,0.9743113320891482,0.9813170849935333,3902.9336958333333,7615.819666666667,5.708333333333333
5,6,1,1,UP,9000.0,38.1,0.3175,22.01333,2,6.35,A,AA 6061,0.10073845154563699,-0.494505833259857,0.97669745832073,0.99000007349648,3902.9336958333333,7615.819666666667,5.708333333333333
5,6,2,1,UP,9000.0,38.1,0.3175,22.01333,2,6.35,A,AA 6061,0.0994858643671802,-0.5214447332146915,0.9718994717946969,0.993442341351358,3902.9336958333333,7615.819666666667,5.708333333333333
5,7,0,0,DOWN,9000.0,38.1,0.3175,22.01333,2,6.35,A,AA 6061,0.0274902008141828,-7.62696753145347,0.7779945829371747,0.576011292460185,3771.5234695652184,1210.8887391304347,5.130434782608695
5,7,1,0,DOWN,9000.0,38.1,0.3175,22.01333,2,6.35,A,AA 6061,0.026360253461046788,-9.011359254063539,0.7120349066442873,0.5905323451180496,3771.5234695652184,1210.8887391304347,5.130434782608695
5,7,2,0,DOWN,9000.0,38.1,0.3175,22.01333,2,6.35,A,AA 6061,0.026444364359926874,-8.301547382376391,0.7787717636860628,0.5649768530800106,3771.5234695652184,1210.8887391304347,5.130434782608695
5,8,0,1,UP,10000.0,38.1,0.3175,16.93333,2,6.35,A,AA 6061,0.0820372069591515,-1.4971319052826844,0.662500114571045,0.8906914907078981,3963.64663548387,6065.860322580644,5.645161290322581
5,8,1,1,UP,10000.0,38.1,0.3175,16.93333,2,6.35,A,AA 6061,0.08178032049042676,-1.274665626262819,0.6739898138564717,0.8508301965033092,3963.64663548387,6065.860322580644,5.645161290322581
5,8,2,1,UP,10000.0,38.1,0.3175,16.93333,2,6.35,A,AA 6061,0.08308183933587504,-1.0628986047508884,0.6863122539769062,0.8845996346399216,3963.64663548387,6065.860322580644,5.645161290322581
6,0,0,1,UP,9000.0,38.1,0.1905,16.93333,2,6.35,A,AA 6061,0.08683871179283743,-0.5510922604309517,0.9754498062626141,0.9973832894888204,3737.5141064516124,7197.1438709677395,5.0
6,0,1,1,UP,9000.0,38.1,0.1905,16.93333,2,6.35,A,AA 6061,0.0869888617390125,-1.3542758846490435,0.9764483232801225,0.9814930320785075,3737.5141064516124,7197.1438709677395,5.0
6,0,2,1,UP,9000.0,38.1,0.1905,16.93333,2,6.35,A,AA 6061,0.08715372518426483,-2.061454830140618,0.9757461387042556,0.9525440975775866,3737.5141064516124,7197.1438709677395,5.0
6,1,0,0,DOWN,9000.0,38.1,0.1905,16.93333,2,6.35,A,AA 6061,0.02609180150872729,-10.054510930854008,0.8076324267805137,0.7036350767277079,3621.8963333333336,718.6659333333332,4.066666666666666
6,1,1,0,DOWN,9000.0,38.1,0.1905,16.93333,2,6.35,A,AA 6061,0.02649716775944055,-9.366741946183861,0.7480554892298629,0.7073649596619753,3621.8963333333336,718.6659333333332,4.066666666666666
6,1,2,0,DOWN,9000.0,38.1,0.1905,16.93333,2,6.35,A,AA 6061,0.02596485882920868,-9.416037989542422,0.7724709204832411,0.620157558334302,3621.8963333333336,718.6659333333332,4.066666666666666
6,2,0,1,UP,9000.0,38.1,0.1905,18.62667,2,6.35,A,AA 6061,0.08861035950017876,-1.0037954873596315,0.9735163399598559,0.9865313563635697,3695.9443750000014,7373.448214285716,4.892857142857143
6,2,1,1,UP,9000.0,38.1,0.1905,18.62667,2,6.35,A,AA 6061,0.08943036730980237,-0.9597895608528957,0.9745049852960889,0.9799941178925687,3695.9443750000014,7373.448214285716,4.892857142857143
6,2,2,1,UP,9000.0,38.1,0.1905,18.62667,2,6.35,A,AA 6061,0.08929590722209602,-0.8738543887386495,0.9734636284560381,0.9809489354597727,3695.9443750000014,7373.448214285716,4.892857142857143
6,3,0,0,DOWN,9000.0,38.1,0.1905,18.62667,2,6.35,A,AA 6061,0.026493589165289252,-9.049346716173387,0.6651461614996855,0.6373669525162361,3627.647707692307,834.8817692307694,4.423076923076923
6,3,1,0,DOWN,9000.0,38.1,0.1905,18.62667,2,6.35,A,AA 6061,0.026754767140526062,-8.975434332239526,0.6624993853350939,0.6046260952134969,3627.647707692307,834.8817692307694,4.423076923076923
6,3,2,0,DOWN,9000.0,38.1,0.1905,18.62667,2,6.35,A,AA 6061,0.026063108928463932,-8.524793037127845,0.6199749982570452,0.5445213633591306,3627.647707692307,834.8817692307694,4.423076923076923
6,4,0,1,UP,9000.0,38.1,0.1905,20.32,2,6.35,A,AA 6061,0.09078877392965719,-1.1792107948235395,0.9765157346262601,0.9796267322786663,3709.668528,7542.532799999999,4.96
6,4,1,1,UP,9000.0,38.1,0.1905,20.32,2,6.35,A,AA 6061,0.09067471701093376,-1.358968287543655,0.9787965420346949,0.983517664243964,3709.668528,7542.532799999999,4.96
6,4,2,1,UP,9000.0,38.1,0.1905,20.32,2,6.35,A,AA 6061,0.09067380701678962,-1.1373227916682085,0.9792060282848054,0.9644215786530271,3709.668528,7542.532799999999,4.96
6,5,0,0,DOWN,9000.0,38.1,0.1905,20.32,2,6.35,A,AA 6061,0.02661566056534732,-8.723895837037858,0.6549457644310468,0.5949264021671968,3632.1583384615387,868.9126153846154,4.3076923076923075
6,5,1,0,DOWN,9000.0,38.1,0.1905,20.32,2,6.35,A,AA 6061,0.026267512305002436,-8.891910023072567,0.6394621640612576,0.5959438849860478,3632.1583384615387,868.9126153846154,4.3076923076923075
6,5,2,0,DOWN,9000.0,38.1,0.1905,20.32,2,6.35,A,AA 6061,0.02646656409688338,-8.499417052081764,0.6311460777782053,0.6348424476810388,3632.1583384615387,868.9126153846154,4.3076923076923075
6,6,0,1,UP,9000.0,38.1,0.1905,22.01333,2,6.35,A,AA 6061,0.09112078179541802,-0.9266366126114394,0.9790983533540005,0.9865478247661017,3733.366624,7637.9,4.96
6,6,1,1,UP,9000.0,38.1,0.1905,22.01333,2,6.35,A,AA 6061,0.09121865939071346,-0.9867416992960691,0.9815347106565724,0.983268139925323,3733.366624,7637.9,4.96
6,6,2,1,UP,9000.0,38.1,0.1905,22.01333,2,6.35,A,AA 6061,0.09071702363655422,-0.9398354219158309,0.9818847970801297,0.9788664776109232,3733.366624,7637.9,4.96
6,7,0,0,DOWN,9000.0,38.1,0.1905,22.01333,2,6.35,A,AA 6061,0.02595601444876383,-8.92365311480922,0.6411109885932833,0.5944674824592663,3659.7054124999995,881.9587500000001,4.125
6,7,1,0,DOWN,9000.0,38.1,0.1905,22.01333,2,6.35,A,AA 6061,0.0264761986092674,-8.836614680252929,0.6150220183519666,0.6559589223842425,3659.7054124999995,881.9587500000001,4.125
6,7,2,0,DOWN,9000.0,38.1,0.1905,22.01333,2,6.35,A,AA 6061,0.025955256950251294,-8.491679419135925,0.641718478729693,0.6014847935832838,3659.7054124999995,881.9587500000001,4.125
6,8,0,1,UP,10000.0,38.1,0.1905,16.93333,2,6.35,A,AA 6061,0.053323843517838705,-2.621025158259309,0.9170960963988499,0.9356316146526574,3810.714400000001,3718.974333333334,5.166666666666667
6,8,1,1,UP,10000.0,38.1,0.1905,16.93333,2,6.35,A,AA 6061,0.053718246685432264,-2.439674593523778,0.7250930712090939,0.8086661911296139,3810.714400000001,3718.974333333334,5.166666666666667
6,8,2,1,UP,10000.0,38.1,0.1905,16.93333,2,6.35,A,AA 6061,0.0551391695048365,-3.3690609808803544,0.6709403521398255,0.7866813786065436,3810.714400000001,3718.974333333334,5.166666666666667
6,9,0,0,DOWN,10000.0,38.1,0.1905,16.93333,2,6.35,A,AA 6061,0.028175145242182748,-6.3799181697641885,0.8125189360939238,0.8290010642587328,3761.963738709678,1276.0522580645159,4.709677419354839
6,9,1,0,DOWN,10000.0,38.1,0.1905,16.93333,2,6.35,A,AA 6061,0.027968387379592514,-5.9616478622485385,0.8336878816473321,0.8503334588612725,3761.963738709678,1276.0522580645159,4.709677419354839
6,9,2,0,DOWN,10000.0,38.1,0.1905,16.93333,2,6.35,A,AA 6061,0.028564125350781806,-5.842509970640959,0.8347777829733253,0.831352873823837,3761.963738709678,1276.0522580645159,4.709677419354839
6,10,0,1,UP,10000.0,38.1,0.1905,18.62667,2,6.35,A,AA 6061,0.0656031842247562,-2.4148778568469997,0.6131634359354633,0.6714959322334156,3825.073187878788,3786.494242424242,4.878787878787879
6,10,1,1,UP,10000.0,38.1,0.1905,18.62667,2,6.35,A,AA 6061,0.053089963904406255,-4.228027528231577,0.8535358796539608,0.8020852451345697,3825.073187878788,3786.494242424242,4.878787878787879
6,10,2,1,UP,10000.0,38.1,0.1905,18.62667,2,6.35,A,AA 6061,0.053814838684086354,-2.677071719429964,0.8745699600026189,0.9383563542732736,3825.073187878788,3786.494242424242,4.878787878787879
6,11,0,0,DOWN,10000.0,38.1,0.1905,18.62667,2,6.35,A,AA 6061,0.028832388635936936,-5.925568271356445,0.8406119509838265,0.8172306828356493,3788.4723346153846,1306.013846153846,5.076923076923077
6,11,1,0,DOWN,10000.0,38.1,0.1905,18.62667,2,6.35,A,AA 6061,0.028610324893133032,-5.727564542514747,0.7952959533306878,0.8589766392030871,3788.4723346153846,1306.013846153846,5.076923076923077
6,11,2,0,DOWN,10000.0,38.1,0.1905,18.62667,2,6.35,A,AA 6061,0.028814492973787968,-5.412424184538498,0.8240338548143855,0.8126040040076042,3788.4723346153846,1306.013846153846,5.076923076923077
6,12,0,1,UP,10000.0,38.1,0.1905,20.32,2,6.35,A,AA 6061,0.057668480559606654,-2.347757308169418,0.9371392372586178,0.9437417409597626,3857.643164,3398.592,5.36
6,12,1,1,UP,10000.0,38.1,0.1905,20.32,2,6.35,A,AA 6061,0.059251955045681114,-3.333131340628915,0.6912721142695288,0.5347804343576615,3857.643164,3398.592,5.36
6,12,2,1,UP,10000.0,38.1,0.1905,20.32,2,6.35,A,AA 6061,0.05605516775349873,-2.5824715107899876,0.8796608568151741,0.9286707853315938,3857.643164,3398.592,5.36
6,13,0,0,DOWN,10000.0,38.1,0.1905,20.32,2,6.35,A,AA 6061,0.028900908377242178,-6.784993817900272,0.7912568591005735,0.7843368917326933,3790.6664159999996,1238.2336000000003,4.92
6,13,1,0,DOWN,10000.0,38.1,0.1905,20.32,2,6.35,A,AA 6061,0.028853666731636286,-6.147724410141434,0.7994176347042402,0.7575107564389367,3790.6664159999996,1238.2336000000003,4.92
6,13,2,0,DOWN,10000.0,38.1,0.1905,20.32,2,6.35,A,AA 6061,0.02875505783834075,-5.892541174363681,0.8085678511358574,0.8262091682899112,3790.6664159999996,1238.2336000000003,4.92
6,14,0,1,UP,10000.0,38.1,0.1905,22.01333,2,6.35,A,AA 6061,0.06018884035536488,-2.5905029954167995,0.8183854588346625,0.7831357021734525,3876.055575,3408.30875,5.416666666666667
6,14,1,1,UP,10000.0,38.1,0.1905,22.01333,2,6.35,A,AA 6061,0.06019734235226581,-3.568649699795613,0.8839333445381607,0.8042206010313455,3876.055575,3408.30875,5.416666666666667
6,14,2,1,UP,10000.0,38.1,0.1905,22.01333,2,6.35,A,AA 6061,0.06028141392689183,-2.2251400961184933,0.7783352322340201,0.8527210073592525,3876.055575,3408.30875,5.416666666666667
6,15,0,0,DOWN,10000.0,38.1,0.1905,22.01333,2,6.35,A,AA 6061,0.02652011130133617,-8.044909947425822,0.5824887045400564,0.5903270016017409,3825.6477454545443,926.2744090909091,5.0
6,15,1,0,DOWN,10000.0,38.1,0.1905,22.01333,2,6.35,A,AA 6061,0.026766990106249458,-7.669928574158548,0.5584876940669998,0.5615612180623671,3825.6477454545443,926.2744090909091,5.0
6,15,2,0,DOWN,10000.0,38.1,0.1905,22.01333,2,6.35,A,AA 6061,0.02667089408296186,-7.7325067557917135,0.602817237444331,0.6459306479190046,3825.6477454545443,926.2744090909091,5.0
6,16,0,1,UP,11000.0,38.1,0.1905,16.93333,2,6.35,A,AA 6061,0.0998043546362415,-0.8325518693996204,0.919963517317835,0.9783873226037026,4025.1493321428566,5981.658214285716,5.428571428571429
6,16,1,1,UP,11000.0,38.1,0.1905,16.93333,2,6.35,A,AA 6061,0.10258045843273936,-1.4175642463751392,0.9247435559236542,0.9378732920061883,4025.1493321428566,5981.658214285716,5.428571428571429
6,16,2,1,UP,11000.0,38.1,0.1905,16.93333,2,6.35,A,AA 6061,0.10549303461958909,-1.507674476738827,0.9144140430457064,0.9276210122529868,4025.1493321428566,5981.658214285716,5.428571428571429
6,17,0,0,DOWN,11000.0,38.1,0.1905,16.93333,2,6.35,A,AA 6061,0.025910592638523196,-6.844811066493738,0.5984697236706014,0.6325822396050363,3953.931706666667,1105.7683333333334,5.1
6,17,1,0,DOWN,11000.0,38.1,0.1905,16.93333,2,6.35,A,AA 6061,0.02649731765605803,-6.948454852209858,0.5673707355606747,0.6410169488769804,3953.931706666667,1105.7683333333334,5.1
6,17,2,0,DOWN,11000.0,38.1,0.1905,16.93333,2,6.35,A,AA 6061,0.02682256621960211,-6.691455721299498,0.5079586735268476,0.625976414029302,3953.931706666667,1105.7683333333334,5.1
6,18,0,1,UP,11000.0,38.1,0.1905,18.62667,2,6.35,A,AA 6061,0.08862297802470663,-0.9317945403917984,0.8671697146272657,0.967287330710267,4031.048060714286,5548.842857142858,5.607142857142857
6,18,1,1,UP,11000.0,38.1,0.1905,18.62667,2,6.35,A,AA 6061,0.09050247193594202,-1.3491403282826842,0.8922962905511003,0.9425652430086244,4031.048060714286,5548.842857142858,5.607142857142857
6,18,2,1,UP,11000.0,38.1,0.1905,18.62667,2,6.35,A,AA 6061,0.091726449556422,-1.255146339007016,0.8839018165602551,0.9507158454031546,4031.048060714286,5548.842857142858,5.607142857142857
6,19,0,0,DOWN,11000.0,38.1,0.1905,18.62667,2,6.35,A,AA 6061,0.026189054132755598,-6.800613657236296,0.5284779846727216,0.6127771564715587,3959.1908259259253,1165.6422222222222,5.407407407407407
6,19,1,0,DOWN,11000.0,38.1,0.1905,18.62667,2,6.35,A,AA 6061,0.026432532168856757,-6.999786848315097,0.5026790627774388,0.6075233649666298,3959.1908259259253,1165.6422222222222,5.407407407407407
6,19,2,0,DOWN,11000.0,38.1,0.1905,18.62667,2,6.35,A,AA 6061,0.02646428528529617,-6.572396626392249,0.5128505897319272,0.6138693151661125,3959.1908259259253,1165.6422222222222,5.407407407407407
6,20,0,1,UP,11000.0,38.1,0.1905,20.32,2,6.35,A,AA 6061,0.10193498961131622,-0.8485837173277276,0.8874308212692656,0.9820274356260328,4039.3597083333334,5979.006249999999,5.5
6,20,1,1,UP,11000.0,38.1,0.1905,20.32,2,6.35,A,AA 6061,0.10570845401458867,-1.3836777116723824,0.8967716532054248,0.9433549327395279,4039.3597083333334,5979.006249999999,5.5
6,20,2,1,UP,11000.0,38.1,0.1905,20.32,2,6.35,A,AA 6061,0.1061066370449346,-1.410806318924592,0.9132979766022838,0.9249910271212151,4039.3597083333334,5979.006249999999,5.5
6,21,0,0,DOWN,11000.0,38.1,0.1905,20.32,2,6.35,A,AA 6061,0.026355680816694278,-6.626824706860615,0.5518869450637358,0.6022946015141323,3982.012864,1159.3388,5.2
6,21,1,0,DOWN,11000.0,38.1,0.1905,20.32,2,6.35,A,AA 6061,0.02658089853589277,-6.804856187878652,0.48661849524300127,0.6253428676786159,3982.012864,1159.3388,5.2
6,21,2,0,DOWN,11000.0,38.1,0.1905,20.32,2,6.35,A,AA 6061,0.026276422537508497,-6.518596417210808,0.4983251393678787,0.6208170695062045,3982.012864,1159.3388,5.2
6,22,0,1,UP,11000.0,38.1,0.1905,22.01333,2,6.35,A,AA 6061,0.1166563642207958,-0.9042025666785847,0.9051171227292003,0.9799307031282861,4053.091179166667,6436.56125,5.875
6,22,1,1,UP,11000.0,38.1,0.1905,22.01333,2,6.35,A,AA 6061,0.11727420927878417,-1.1858674018285498,0.9201696681161086,0.9534435727787794,4053.091179166667,6436.56125,5.875
6,22,2,1,UP,11000.0,38.1,0.1905,22.01333,2,6.35,A,AA 6061,0.117839879357335,-1.2750373571730118,0.9170990372575911,0.9366939152572777,4053.091179166667,6436.56125,5.875
6,23,0,0,DOWN,11000.0,38.1,0.1905,22.01333,2,6.35,A,AA 6061,0.02654104270901222,-6.851427161495498,0.5177828874504169,0.6033235411610134,3994.9351136363634,1168.3986363636361,5.409090909090909
6,23,1,0,DOWN,11000.0,38.1,0.1905,22.01333,2,6.35,A,AA 6061,0.02657582482750448,-6.804285600145695,0.521080233199547,0.599084315741954,3994.9351136363634,1168.3986363636361,5.409090909090909
6,23,2,0,DOWN,11000.0,38.1,0.1905,22.01333,2,6.35,A,AA 6061,0.026160234495135992,-6.502485112395744,0.5043695529352524,0.5966792317719949,3994.9351136363634,1168.3986363636361,5.409090909090909
6,24,0,0,UP,12000.0,38.1,0.1905,16.93333,2,6.35,A,AA 6061,0.0445386188648893,-2.680383306887676,0.8937202943033069,0.5914931844028126,4192.705786666666,2702.320333333334,6.466666666666667
6,24,1,0,UP,12000.0,38.1,0.1905,16.93333,2,6.35,A,AA 6061,0.04540605703905576,-3.3277917123574516,0.8845904323523983,0.5774374363838444,4192.705786666666,2702.320333333334,6.466666666666667
6,24,2,0,UP,12000.0,38.1,0.1905,16.93333,2,6.35,A,AA 6061,0.04587287168065599,-2.9931762509191455,0.9013927885463997,0.5508745794478861,4192.705786666666,2702.320333333334,6.466666666666667
6,25,0,0,DOWN,12000.0,38.1,0.1905,16.93333,2,6.35,A,AA 6061,0.029787475311812663,-4.784231101979847,0.8795374385282725,0.4982268314311545,4164.80461724138,1816.4303448275857,5.620689655172414
6,25,1,0,DOWN,12000.0,38.1,0.1905,16.93333,2,6.35,A,AA 6061,0.030641486194300623,-4.819905205700162,0.8783012912632413,0.5833596843312308,4164.80461724138,1816.4303448275857,5.620689655172414
6,25,2,0,DOWN,12000.0,38.1,0.1905,16.93333,2,6.35,A,AA 6061,0.03046105109039861,-4.8727263132901735,0.8800408771443212,0.6490385795696076,4164.80461724138,1816.4303448275857,5.620689655172414
6,26,0,0,UP,12000.0,38.1,0.1905,18.62667,2,6.35,A,AA 6061,0.04464518109674938,-2.645196005036383,0.8614110111997528,0.49354071804176614,4220.267170370369,2711.4070370370373,5.518518518518518
6,26,1,0,UP,12000.0,38.1,0.1905,18.62667,2,6.35,A,AA 6061,0.04538331539227439,-3.1172294480383633,0.8541754794738388,0.5275009847544212,4220.267170370369,2711.4070370370373,5.518518518518518
6,26,2,0,UP,12000.0,38.1,0.1905,18.62667,2,6.35,A,AA 6061,0.045198340898231,-2.9696233733062534,0.8552515994283808,0.45560227349884835,4220.267170370369,2711.4070370370373,5.518518518518518
6,27,0,0,DOWN,12000.0,38.1,0.1905,18.62667,2,6.35,A,AA 6061,0.030302081593936468,-4.686467206691253,0.8442583266849681,0.49432040264400273,4190.616432142856,1913.2271428571426,5.5
6,27,1,0,DOWN,12000.0,38.1,0.1905,18.62667,2,6.35,A,AA 6061,0.031138901243298163,-4.7382215635060465,0.8723432851293175,0.5768126137035219,4190.616432142856,1913.2271428571426,5.5
6,27,2,0,DOWN,12000.0,38.1,0.1905,18.62667,2,6.35,A,AA 6061,0.031132693475274757,-4.873018455225464,0.8810357479625068,0.5899748415201865,4190.616432142856,1913.2271428571426,5.5
6,28,0,0,UP,12000.0,38.1,0.1905,20.32,2,6.35,A,AA 6061,0.047241298221640145,-2.3691000179673956,0.8444712269005875,0.5006940413762144,4240.4342639999995,2975.9804,6.4
6,28,1,0,UP,12000.0,38.1,0.1905,20.32,2,6.35,A,AA 6061,0.04847786751831802,-2.9519896240442773,0.8760614452206622,0.5294007256277315,4240.4342639999995,2975.9804,6.4
6,28,2,0,UP,12000.0,38.1,0.1905,20.32,2,6.35,A,AA 6061,0.05053904587399455,-2.524685491673842,0.8769496304988231,0.48119210414386004,4240.4342639999995,2975.9804,6.4
6,29,0,0,DOWN,12000.0,38.1,0.1905,20.32,2,6.35,A,AA 6061,0.030500991928543737,-4.295866417293008,0.860575976022864,0.5403116213796307,4196.3531,1987.8572,6.4
6,29,1,0,DOWN,12000.0,38.1,0.1905,20.32,2,6.35,A,AA 6061,0.031343730155573145,-4.718042662438451,0.8640505808611303,0.55730636770466,4196.3531,1987.8572,6.4
6,29,2,0,DOWN,12000.0,38.1,0.1905,20.32,2,6.35,A,AA 6061,0.03091665313749381,-4.819488603814096,0.8946479170815838,0.5958802370067987,4196.3531,1987.8572,6.4
6,30,0,0,UP,12000.0,38.1,0.1905,22.01333,2,6.35,A,AA 6061,0.05352693293082172,-2.5164662841545287,0.9021474681867536,0.46907627046680195,4259.405473913042,3227.4134782608694,5.826086956521739
6,30,1,0,UP,12000.0,38.1,0.1905,22.01333,2,6.35,A,AA 6061,0.0539889925847607,-2.727639018793462,0.9035840246475448,0.6294976098089375,4259.405473913042,3227.4134782608694,5.826086956521739
6,30,2,0,UP,12000.0,38.1,0.1905,22.01333,2,6.35,A,AA 6061,0.054682478491297454,-2.46809301060065,0.9085465642736044,0.5714523304243324,4259.405473913042,3227.4134782608694,5.826086956521739
6,31,0,0,DOWN,12000.0,38.1,0.1905,22.01333,2,6.35,A,AA 6061,0.030847766643514178,-4.306909927647416,0.8584729701662029,0.5240031290585448,4206.764513043478,1984.5669565217388,5.565217391304348
6,31,1,0,DOWN,12000.0,38.1,0.1905,22.01333,2,6.35,A,AA 6061,0.03134251577962955,-4.608389268142106,0.8849448155677471,0.5587884844290689,4206.764513043478,1984.5669565217388,5.565217391304348
6,31,2,0,DOWN,12000.0,38.1,0.1905,22.01333,2,6.35,A,AA 6061,0.03113031864611601,-4.709292383191428,0.8610441747346499,0.5906710784271153,4206.764513043478,1984.5669565217388,5.565217391304348
6,32,0,1,UP,9000.0,38.1,0.0635,16.93333,2,6.35,A,AA 6061,0.060052534260501465,-2.6332697266764105,0.8887990301710013,0.8136655394386988,3560.0015624999996,4330.957812500001,3.84375
6,32,1,1,UP,9000.0,38.1,0.0635,16.93333,2,6.35,A,AA 6061,0.05800489025802099,-1.2205587518628982,0.9030834021623724,0.9770819443391361,3560.0015624999996,4330.957812500001,3.84375
6,32,2,1,UP,9000.0,38.1,0.0635,16.93333,2,6.35,A,AA 6061,0.057363459862209205,-1.0585710210725783,0.8756517955256701,0.9792191807853029,3560.0015624999996,4330.957812500001,3.84375
6,33,0,0,DOWN,9000.0,38.1,0.0635,16.93333,2,6.35,A,AA 6061,0.026594349853003938,-10.33799886378424,0.7749877763428388,0.7676643399335982,3527.3578433333337,611.7715000000001,3.433333333333333
6,33,1,0,DOWN,9000.0,38.1,0.0635,16.93333,2,6.35,A,AA 6061,0.02557646219588679,-10.441728662186417,0.7822086787531931,0.7782994496284303,3527.3578433333337,611.7715000000001,3.433333333333333
6,33,2,0,DOWN,9000.0,38.1,0.0635,16.93333,2,6.35,A,AA 6061,0.025831351460498614,-10.230583537955233,0.7894252663111487,0.7419539197039747,3527.3578433333337,611.7715000000001,3.433333333333333
6,34,0,1,UP,9000.0,38.1,0.0635,18.62667,2,6.35,A,AA 6061,0.0447185049364218,-1.9169233434556912,0.9689581082485479,0.9784587930815424,3548.6802724137942,3305.007586206896,4.0
6,34,1,1,UP,9000.0,38.1,0.0635,18.62667,2,6.35,A,AA 6061,0.04507166423753499,-1.3005130109822773,0.9675486286949379,0.991815986320246,3548.6802724137942,3305.007586206896,4.0
6,34,2,1,UP,9000.0,38.1,0.0635,18.62667,2,6.35,A,AA 6061,0.04426326430813379,-1.1638993900741446,0.961824988496809,0.9919993940930988,3548.6802724137942,3305.007586206896,4.0
6,35,0,0,DOWN,9000.0,38.1,0.0635,18.62667,2,6.35,A,AA 6061,0.026419005639048095,-10.670217493831682,0.8629342024196583,0.7746603176133469,3536.6208821428568,548.8143571428573,4.0
6,35,1,0,DOWN,9000.0,38.1,0.0635,18.62667,2,6.35,A,AA 6061,0.025664145574886714,-10.295709421837078,0.8721415058039178,0.7877816854075592,3536.6208821428568,548.8143571428573,4.0
6,35,2,0,DOWN,9000.0,38.1,0.0635,18.62667,2,6.35,A,AA 6061,0.025724589111509287,-10.082716215531967,0.8669937821925332,0.7888459961605921,3536.6208821428568,548.8143571428573,4.0
6,36,0,1,UP,9000.0,38.1,0.0635,20.32,2,6.35,A,AA 6061,0.046580763170646834,-1.983777189314471,0.9647498510152277,0.9713863860599478,3557.992104,3354.1623999999997,3.96
6,36,1,1,UP,9000.0,38.1,0.0635,20.32,2,6.35,A,AA 6061,0.046658106437517784,-1.3530228676053777,0.9699226333225802,0.9916374960632467,3557.992104,3354.1623999999997,3.96
6,36,2,1,UP,9000.0,38.1,0.0635,20.32,2,6.35,A,AA 6061,0.04571593627084197,-1.077222845304096,0.9602045012809773,0.9936619514057703,3557.992104,3354.1623999999997,3.96
6,37,0,0,DOWN,9000.0,38.1,0.0635,20.32,2,6.35,A,AA 6061,0.02571872812776398,-10.435686211116204,0.8800210741467348,0.7328968694499683,3543.5948960000005,563.0494,3.72
6,37,1,0,DOWN,9000.0,38.1,0.0635,20.32,2,6.35,A,AA 6061,0.025561549817774806,-10.38827798006237,0.8494022168959469,0.784670562159649,3543.5948960000005,563.0494,3.72
6,37,2,0,DOWN,9000.0,38.1,0.0635,20.32,2,6.35,A,AA 6061,0.025276535289365278,-10.62567548072029,0.8614366425676137,0.7267996375798748,3543.5948960000005,563.0494,3.72
6,38,0,1,UP,9000.0,38.1,0.0635,22.01333,2,6.35,A,AA 6061,0.04815614733404137,-1.5436711421746012,0.9721351583363136,0.9782913124672823,3561.082609090909,3692.4090909090914,3.6363636363636362
6,38,1,1,UP,9000.0,38.1,0.0635,22.01333,2,6.35,A,AA 6061,0.04870451751209256,-1.2123526882169513,0.9658665505963964,0.9911591724773811,3561.082609090909,3692.4090909090914,3.6363636363636362
6,38,2,1,UP,9000.0,38.1,0.0635,22.01333,2,6.35,A,AA 6061,0.046353323099541925,-0.9589448404445275,0.9634252580065726,0.9937566978944977,3561.082609090909,3692.4090909090914,3.6363636363636362
6,39,0,0,DOWN,9000.0,38.1,0.0635,22.01333,2,6.35,A,AA 6061,0.024655252206014458,-10.255052769522415,0.8560856171543306,0.6949663845732569,3542.411830434782,561.5279999999999,3.782608695652174
6,39,1,0,DOWN,9000.0,38.1,0.0635,22.01333,2,6.35,A,AA 6061,0.024909256379261224,-10.215591628138936,0.8559291581928213,0.7072546240574118,3542.411830434782,561.5279999999999,3.782608695652174
6,39,2,0,DOWN,9000.0,38.1,0.0635,22.01333,2,6.35,A,AA 6061,0.025426347426839992,-10.359520934967613,0.870140760845455,0.757252860098748,3542.411830434782,561.5279999999999,3.782608695652174
6,40,0,1,UP,10000.0,38.1,0.0635,16.93333,2,6.35,A,AA 6061,0.06295038013927051,-0.882161549975172,0.0768670261891958,0.08167569920965904,3703.7570733333328,5217.8673333333345,4.1
6,40,1,1,UP,10000.0,38.1,0.0635,16.93333,2,6.35,A,AA 6061,0.06287166978603605,-0.9087447537904094,0.058191804277429184,0.0772239937281469,3703.7570733333328,5217.8673333333345,4.1
6,40,2,1,UP,10000.0,38.1,0.0635,16.93333,2,6.35,A,AA 6061,0.05836721819788514,-1.0441507851342104,0.07269247532287107,0.07250537838707487,3703.7570733333328,5217.8673333333345,4.1
6,41,0,0,DOWN,10000.0,38.1,0.0635,16.93333,2,6.35,A,AA 6061,0.02574913989213575,-8.22877626125977,0.6564106735590536,0.6617273709368695,3680.0404387096783,828.7800967741936,4.096774193548387
6,41,1,0,DOWN,10000.0,38.1,0.0635,16.93333,2,6.35,A,AA 6061,0.02610539990506759,-7.699882629654767,0.5635553430112898,0.5592688359092406,3680.0404387096783,828.7800967741936,4.096774193548387
6,41,2,0,DOWN,10000.0,38.1,0.0635,16.93333,2,6.35,A,AA 6061,0.026144609228138868,-7.703111256679996,0.6434142428812729,0.5632501767340132,3680.0404387096783,828.7800967741936,4.096774193548387
6,42,0,1,UP,10000.0,38.1,0.0635,18.62667,2,6.35,A,AA 6061,0.04529388669750139,-1.6572565761921232,0.11115941139933606,0.09150075563775364,3702.7695679999997,2704.6504,4.72
6,42,1,1,UP,10000.0,38.1,0.0635,18.62667,2,6.35,A,AA 6061,0.034574226700650426,-2.1481723989951953,0.16478513312246046,0.0903225808895584,3702.7695679999997,2704.6504,4.72
6,42,2,1,UP,10000.0,38.1,0.0635,18.62667,2,6.35,A,AA 6061,0.032531538878723454,-3.088107761750079,0.19657894919883576,0.1339192169648773,3702.7695679999997,2704.6504,4.72
6,43,0,0,DOWN,10000.0,38.1,0.0635,18.62667,2,6.35,A,AA 6061,0.026220412240296306,-8.951605603116533,0.7382487847415365,0.7675447564146254,3687.705375,714.6353928571426,4.892857142857143
6,43,1,0,DOWN,10000.0,38.1,0.0635,18.62667,2,6.35,A,AA 6061,0.026301459044890757,-8.500695388606731,0.7313860123628356,0.7095635662089507,3687.705375,714.6353928571426,4.892857142857143
6,43,2,0,DOWN,10000.0,38.1,0.0635,18.62667,2,6.35,A,AA 6061,0.026350325865344516,-8.297151849069152,0.6692801045305887,0.6616316000960705,3687.705375,714.6353928571426,4.892857142857143
6,44,0,1,UP,10000.0,38.1,0.0635,20.32,2,6.35,A,AA 6061,0.0522814402280775,-1.3503903661079173,0.080184063202076,0.0726892027631569,3706.0684719999995,4099.8196,4.84
6,44,1,1,UP,10000.0,38.1,0.0635,20.32,2,6.35,A,AA 6061,0.06053667646541667,-0.7790192764477266,0.08739523446420919,0.08948282952239711,3706.0684719999995,4099.8196,4.84
6,44,2,1,UP,10000.0,38.1,0.0635,20.32,2,6.35,A,AA 6061,0.041754928311169434,-1.6031659307222133,0.11039743716542219,0.07725026515440661,3706.0684719999995,4099.8196,4.84
6,45,0,0,DOWN,10000.0,38.1,0.0635,20.32,2,6.35,A,AA 6061,0.02628542837731889,-8.864675886679017,0.6832030109836665,0.7459761529995629,3687.400495833333,762.2630416666666,4.458333333333333
6,45,1,0,DOWN,10000.0,38.1,0.0635,20.32,2,6.35,A,AA 6061,0.026377315076060635,-8.210782938940639,0.6321480663773719,0.577473929669276,3687.400495833333,762.2630416666666,4.458333333333333
6,45,2,0,DOWN,10000.0,38.1,0.0635,20.32,2,6.35,A,AA 6061,0.026249908515995356,-8.163260012931241,0.6434790339458891,0.6572109436849547,3687.400495833333,762.2630416666666,4.458333333333333
6,46,0,1,UP,10000.0,38.1,0.0635,22.01333,2,6.35,A,AA 6061,0.050206109283526396,-1.4332889041917025,0.07825202394380021,0.06798235242011051,3697.1966749999997,3194.90875,4.166666666666667
6,46,1,1,UP,10000.0,38.1,0.0635,22.01333,2,6.35,A,AA 6061,0.04002132934763972,-1.6717426308988896,0.11714656534161529,0.07249551221631415,3697.1966749999997,3194.90875,4.166666666666667
6,46,2,1,UP,10000.0,38.1,0.0635,22.01333,2,6.35,A,AA 6061,0.04520936835339664,-1.476147662635281,0.09729006259866825,0.08586005563775378,3697.1966749999997,3194.90875,4.166666666666667
6,47,0,0,DOWN,10000.0,38.1,0.0635,22.01333,2,6.35,A,AA 6061,0.025955088930678105,-8.451681178436148,0.6759480544053207,0.6488491964085236,3681.878354166667,711.2115,4.291666666666667
6,47,1,0,DOWN,10000.0,38.1,0.0635,22.01333,2,6.35,A,AA 6061,0.0259513337020524,-9.184572646441294,0.7303390644060597,0.7533047742783633,3681.878354166667,711.2115,4.291666666666667
6,47,2,0,DOWN,10000.0,38.1,0.0635,22.01333,2,6.35,A,AA 6061,0.026261248407602675,-8.607997643333086,0.6663504461348309,0.738648497473542,3681.878354166667,711.2115,4.291666666666667
6,48,0,0,UP,11000.0,38.1,0.0635,16.93333,2,6.35,A,AA 6061,0.03742417097761701,-3.806583653651953,0.976427390533422,0.8848539354693206,3861.699682758621,2171.2082758620686,4.862068965517241
6,48,1,0,UP,11000.0,38.1,0.0635,16.93333,2,6.35,A,AA 6061,0.03750823440008163,-4.139912343331865,0.9732696767682858,0.89160109372018,3861.699682758621,2171.2082758620686,4.862068965517241
6,48,2,0,UP,11000.0,38.1,0.0635,16.93333,2,6.35,A,AA 6061,0.040072609972457936,-4.239712125928736,0.9783878044175504,0.836040650345663,3861.699682758621,2171.2082758620686,4.862068965517241
6,49,0,0,DOWN,11000.0,38.1,0.0635,16.93333,2,6.35,A,AA 6061,0.027174537135735387,-6.160207340722509,0.8555085779611709,0.7386202592851215,3838.3310620689645,951.3106896551722,4.827586206896552
6,49,1,0,DOWN,11000.0,38.1,0.0635,16.93333,2,6.35,A,AA 6061,0.02698876444014007,-6.65481626603977,0.8150229921728797,0.6731030785985126,3838.3310620689645,951.3106896551722,4.827586206896552
6,49,2,0,DOWN,11000.0,38.1,0.0635,16.93333,2,6.35,A,AA 6061,0.026450341786342823,-6.662100142546871,0.8392642149132488,0.6884406091004065,3838.3310620689645,951.3106896551722,4.827586206896552
6,50,0,0,UP,11000.0,38.1,0.0635,18.62667,2,6.35,A,AA 6061,0.03544880342439886,-3.4231085869009474,0.8800219719657152,0.8820489912799949,3866.622899999999,1974.5740740740741,5.111111111111111
6,50,1,0,UP,11000.0,38.1,0.0635,18.62667,2,6.35,A,AA 6061,0.03461218993189844,-3.9901712155422464,0.8297970598149753,0.8729388328881588,3866.622899999999,1974.5740740740741,5.111111111111111
6,50,2,0,UP,11000.0,38.1,0.0635,18.62667,2,6.35,A,AA 6061,0.033642583822474245,-4.85761094858433,0.824168919078419,0.8014690111545777,3866.622899999999,1974.5740740740741,5.111111111111111
6,51,0,0,DOWN,11000.0,38.1,0.0635,18.62667,2,6.35,A,AA 6061,0.025971154897360828,-6.769422897615317,0.7819949519978392,0.6908065301934355,3862.0862884615376,932.8602307692308,4.923076923076923
6,51,1,0,DOWN,11000.0,38.1,0.0635,18.62667,2,6.35,A,AA 6061,0.02625656466377512,-6.845949076845961,0.7877894265354427,0.6674555467450839,3862.0862884615376,932.8602307692308,4.923076923076923
6,51,2,0,DOWN,11000.0,38.1,0.0635,18.62667,2,6.35,A,AA 6061,0.026554637823210804,-6.546025202400515,0.7914052047825868,0.6580751938117011,3862.0862884615376,932.8602307692308,4.923076923076923
6,52,0,0,UP,11000.0,38.1,0.0635,20.32,2,6.35,A,AA 6061,0.03375722137847404,-3.6702933675108134,0.819031640014807,0.8833903793455397,3869.2266839999998,1985.8740000000003,4.84
6,52,1,0,UP,11000.0,38.1,0.0635,20.32,2,6.35,A,AA 6061,0.03537764075968173,-3.524247396988719,0.8757114331606515,0.9012764681107076,3869.2266839999998,1985.8740000000003,4.84
6,52,2,0,UP,11000.0,38.1,0.0635,20.32,2,6.35,A,AA 6061,0.03759936661713264,-4.447996965308619,0.8771264016019729,0.8090078825616371,3869.2266839999998,1985.8740000000003,4.84
6,53,0,0,DOWN,11000.0,38.1,0.0635,20.32,2,6.35,A,AA 6061,0.02537424805206425,-7.220967418065412,0.7521581222948546,0.6290805873564062,3860.048352,896.45256,4.92
6,53,1,0,DOWN,11000.0,38.1,0.0635,20.32,2,6.35,A,AA 6061,0.025788933678777933,-7.181369002603557,0.7497149818783905,0.6386899255859837,3860.048352,896.45256,4.92
6,53,2,0,DOWN,11000.0,38.1,0.0635,20.32,2,6.35,A,AA 6061,0.02590456717288661,-6.85569687017582,0.7168471159431653,0.6423404808475933,3860.048352,896.45256,4.92
6,54,0,0,UP,11000.0,38.1,0.0635,22.01333,2,6.35,A,AA 6061,0.03798827218936252,-3.223856348237491,0.8978660626524904,0.8932545655397849,3878.925425,2190.414166666667,4.958333333333333
6,54,1,0,UP,11000.0,38.1,0.0635,22.01333,2,6.35,A,AA 6061,0.0391308680631175,-3.7735586677040995,0.8722752079026593,0.8664112209100197,3878.925425,2190.414166666667,4.958333333333333
6,54,2,0,UP,11000.0,38.1,0.0635,22.01333,2,6.35,A,AA 6061,0.03869881450291374,-4.743276527143932,0.8583048297725419,0.804858868370488,3878.925425,2190.414166666667,4.958333333333333
6,55,0,0,DOWN,11000.0,38.1,0.0635,22.01333,2,6.35,A,AA 6061,0.02587188574243309,-7.021938078129349,0.7512134653252295,0.6461549165480878,3863.5081916666663,925.5926249999999,4.75
6,55,1,0,DOWN,11000.0,38.1,0.0635,22.01333,2,6.35,A,AA 6061,0.02568563487270801,-6.911662818689448,0.7074024631045759,0.6012384549275315,3863.5081916666663,925.5926249999999,4.75
6,55,2,0,DOWN,11000.0,38.1,0.0635,22.01333,2,6.35,A,AA 6061,0.025538728719645232,-6.935327716635017,0.7538372633981955,0.6061926685159557,3863.5081916666663,925.5926249999999,4.75
6,56,0,0,UP,12000.0,38.1,0.0635,16.93333,2,6.35,A,AA 6061,0.03048840294229629,-3.999392532375357,0.7488565713267487,0.5348799087127327,4076.6802774193543,1864.2758064516127,5.354838709677419
6,56,1,0,UP,12000.0,38.1,0.0635,16.93333,2,6.35,A,AA 6061,0.03028939462484547,-4.651821427075802,0.7669711401849244,0.5034158048133376,4076.6802774193543,1864.2758064516127,5.354838709677419
6,56,2,0,UP,12000.0,38.1,0.0635,16.93333,2,6.35,A,AA 6061,0.030951989917636594,-4.23440313473282,0.8081010357751104,0.5199145445034594,4076.6802774193543,1864.2758064516127,5.354838709677419
6,57,0,0,DOWN,12000.0,38.1,0.0635,16.93333,2,6.35,A,AA 6061,0.02930279369098648,-5.029004519763257,0.6713994229069242,0.4690748500395074,4060.209826666666,1560.0563333333328,4.433333333333334
6,57,1,0,DOWN,12000.0,38.1,0.0635,16.93333,2,6.35,A,AA 6061,0.03001868187435679,-5.350975948288656,0.6968111322754185,0.5354640945209248,4060.209826666666,1560.0563333333328,4.433333333333334
6,57,2,0,DOWN,12000.0,38.1,0.0635,16.93333,2,6.35,A,AA 6061,0.037351595043425834,-4.8246677897483625,0.8795186466593521,0.6995676677441854,4060.209826666666,1560.0563333333328,4.433333333333334
6,58,0,0,UP,12000.0,38.1,0.0635,18.62667,2,6.35,A,AA 6061,0.030498746780413165,-4.266706069179637,0.7621986891985689,0.5933776334132164,4078.3173749999996,1827.2525000000003,5.392857142857143
6,58,1,0,UP,12000.0,38.1,0.0635,18.62667,2,6.35,A,AA 6061,0.030485870998575183,-4.6798256570065355,0.7616595634004407,0.5021335313791822,4078.3173749999996,1827.2525000000003,5.392857142857143
6,58,2,0,UP,12000.0,38.1,0.0635,18.62667,2,6.35,A,AA 6061,0.030456132091346684,-4.293119613914219,0.7198790002006396,0.46777929109659644,4078.3173749999996,1827.2525000000003,5.392857142857143
6,59,0,0,DOWN,12000.0,38.1,0.0635,18.62667,2,6.35,A,AA 6061,0.029189718780158833,-5.043142609368848,0.6577065519382279,0.49463939953343977,4064.605825925925,1515.2281481481482,5.777777777777778
6,59,1,0,DOWN,12000.0,38.1,0.0635,18.62667,2,6.35,A,AA 6061,0.029109340627156952,-5.176341331925335,0.6744164977947915,0.5574679410535227,4064.605825925925,1515.2281481481482,5.777777777777778
6,59,2,0,DOWN,12000.0,38.1,0.0635,18.62667,2,6.35,A,AA 6061,0.02994450308473278,-5.272084871658953,0.7057911927425482,0.5886510392045143,4064.605825925925,1515.2281481481482,5.777777777777778
6,60,0,0,UP,12000.0,38.1,0.0635,20.32,2,6.35,A,AA 6061,0.030418129557918654,-4.047719640744887,0.6717508318860468,0.41317957206021094,4068.460842857144,1916.0961904761907,5.666666666666667
6,60,1,0,UP,12000.0,38.1,0.0635,20.32,2,6.35,A,AA 6061,0.030205490610696776,-4.192717907056128,0.6752270319416254,0.5392866221886815,4068.460842857144,1916.0961904761907,5.666666666666667
6,60,2,0,UP,12000.0,38.1,0.0635,20.32,2,6.35,A,AA 6061,0.03040342007313649,-3.9572569732671865,0.6716937316268985,0.4793867855836996,4068.460842857144,1916.0961904761907,5.666666666666667
6,61,0,0,DOWN,12000.0,38.1,0.0635,20.32,2,6.35,A,AA 6061,0.028829831444958876,-4.977800100619727,0.6599756496449296,0.4696471869436897,4072.0891666666666,1515.2545833333334,5.291666666666667
6,61,1,0,DOWN,12000.0,38.1,0.0635,20.32,2,6.35,A,AA 6061,0.02921476767890272,-5.449179054723964,0.6529924530488537,0.5485659420606828,4072.0891666666666,1515.2545833333334,5.291666666666667
6,61,2,0,DOWN,12000.0,38.1,0.0635,20.32,2,6.35,A,AA 6061,0.02921793392491112,-5.389005767102425,0.6940590168467581,0.4969825118525264,4072.0891666666666,1515.2545833333334,5.291666666666667
6,62,0,0,UP,12000.0,38.1,0.0635,22.01333,2,6.35,A,AA 6061,0.031176482130345327,-3.885463898927251,0.5977537592747485,0.40680163094950744,4070.8745636363656,1919.9709090909093,4.818181818181818
6,62,1,0,UP,12000.0,38.1,0.0635,22.01333,2,6.35,A,AA 6061,0.03077436351042625,-4.26989481810233,0.6414378605947317,0.45810737759536146,4070.8745636363656,1919.9709090909093,4.818181818181818
6,62,2,0,UP,12000.0,38.1,0.0635,22.01333,2,6.35,A,AA 6061,0.03028363467789182,-4.025276766745176,0.6162095522997206,0.36635958361308496,4070.8745636363656,1919.9709090909093,4.818181818181818
6,63,0,0,DOWN,12000.0,38.1,0.0635,22.01333,2,6.35,A,AA 6061,0.02888237483586948,-5.221999290121956,0.6723426556147049,0.4771903963436699,4059.2510347826105,1524.4782608695652,4.869565217391305
6,63,1,0,DOWN,12000.0,38.1,0.0635,22.01333,2,6.35,A,AA 6061,0.0287328411290546,-5.384299819550293,0.6634312170381154,0.5508652417699386,4059.2510347826105,1524.4782608695652,4.869565217391305
6,63,2,0,DOWN,12000.0,38.1,0.0635,22.01333,2,6.35,A,AA 6061,0.0284752140861616,-5.351584688726251,0.6598985985837339,0.5635046078770813,4059.2510347826105,1524.4782608695652,4.869565217391305
